-- ============================================================================
-- 006_seed_demo_data.sql
-- Demo data for staging. Idempotent. Safe to run on a fresh project.
--
-- Note: do NOT seed auth.users here. Create users via the Auth UI (or admin
-- API) using the credentials below, then update profiles.role for the admin
-- and lab/nurse accounts.
--
-- Suggested demo users to create in Supabase Auth dashboard:
--   admin@example.com / admin123      → set profiles.role = 'admin'
--   nurse1@example.com / nurse123     → set profiles.role = 'nurse'
--                                       (also insert nurses row)
--   sham-admin@example.com / sham123  → set profiles.role = 'lab'
--                                       (also insert lab_users row)
-- ============================================================================

-- ── Singleton settings row ------------------------------------------------
insert into public.app_settings (id) values (1) on conflict (id) do nothing;

-- ── Test categories -------------------------------------------------------
insert into public.test_categories (id, name_ar, name_en, display_order) values
  ('11111111-1111-1111-1111-000000000001', 'هرمونات',         'Hormones',         1),
  ('11111111-1111-1111-1111-000000000002', 'كيمياء الدم',     'Blood Chemistry',  2),
  ('11111111-1111-1111-1111-000000000003', 'تعداد الدم',      'CBC',              3),
  ('11111111-1111-1111-1111-000000000004', 'فيتامينات',       'Vitamins',         4),
  ('11111111-1111-1111-1111-000000000005', 'الغدة الدرقية',   'Thyroid',          5),
  ('11111111-1111-1111-1111-000000000006', 'السكري',          'Diabetes',         6),
  ('11111111-1111-1111-1111-000000000007', 'الكلى',            'Kidney',           7),
  ('11111111-1111-1111-1111-000000000008', 'الكبد',            'Liver',            8)
on conflict (id) do nothing;

-- ── Lab tests -------------------------------------------------------------
insert into public.lab_tests (id, category_id, name_ar, name_en, short_name, sample_type, cost_price, sell_price) values
  ('22222222-2222-2222-2222-000000000001', '11111111-1111-1111-1111-000000000003', 'تعداد الدم الكامل',     'Complete Blood Count',         'CBC',         'blood', 3,  12),
  ('22222222-2222-2222-2222-000000000002', '11111111-1111-1111-1111-000000000006', 'سكر صائم',               'Fasting Blood Sugar',          'FBS',         'blood', 2,  8),
  ('22222222-2222-2222-2222-000000000003', '11111111-1111-1111-1111-000000000004', 'فيتامين د',              'Vitamin D',                    'Vit D',       'blood', 8,  25),
  ('22222222-2222-2222-2222-000000000004', '11111111-1111-1111-1111-000000000005', 'هرمون الغدة الدرقية',  'Thyroid Stimulating Hormone',  'TSH',         'blood', 6,  20),
  ('22222222-2222-2222-2222-000000000005', '11111111-1111-1111-1111-000000000002', 'الكوليسترول الكلي',     'Total Cholesterol',            'Cholesterol', 'blood', 3,  10),
  ('22222222-2222-2222-2222-000000000006', '11111111-1111-1111-1111-000000000007', 'الكرياتينين',           'Creatinine',                   'Creat',       'blood', 3,  10),
  ('22222222-2222-2222-2222-000000000007', '11111111-1111-1111-1111-000000000008', 'وظائف الكبد',           'Liver Function Tests',         'LFT',         'blood', 7,  22),
  ('22222222-2222-2222-2222-000000000008', '11111111-1111-1111-1111-000000000004', 'فيتامين ب12',           'Vitamin B12',                  'B12',         'blood', 7,  22),
  ('22222222-2222-2222-2222-000000000009', '11111111-1111-1111-1111-000000000007', 'تحليل البول الكامل',    'Urine Analysis',               'UA',          'urine', 2,  8),
  ('22222222-2222-2222-2222-00000000000a', '11111111-1111-1111-1111-000000000006', 'الهيموغلوبين الغليكوزيلاتي', 'Glycated Hemoglobin',     'HbA1c',       'blood', 6,  18)
on conflict (id) do nothing;

-- ── Instruction library ---------------------------------------------------
insert into public.instruction_library (id, key, title_ar, body_ar, icon, priority) values
  ('33333333-3333-3333-3333-000000000001', 'fasting_8h',  'الصيام لمدة 8 ساعات',    'يُمتنع عن الطعام والشراب لمدة 8 ساعات قبل أخذ العينة (الماء مسموح).', 'clock',    10),
  ('33333333-3333-3333-3333-000000000002', 'fasting_12h', 'الصيام لمدة 12 ساعة',    'يُمتنع عن الطعام والمشروبات (عدا الماء) لمدة 12 ساعة قبل العينة.',     'clock',    11),
  ('33333333-3333-3333-3333-000000000003', 'water_only',  'اشرب الماء فقط أثناء الصيام', 'للحفاظ على ترطيب الجسم، يُسمح بشرب الماء فقط طوال فترة الصيام.', 'droplets', 20),
  ('33333333-3333-3333-3333-000000000004', 'avoid_meds',  'تجنّب الأدوية إذا أوصى الطبيب', 'في حال طلب طبيبك إيقاف بعض الأدوية، يُرجى الالتزام بذلك.',       'pill',     30),
  ('33333333-3333-3333-3333-000000000005', 'id_ready',    'جهّز هويتك الشخصية',      'اطّلع الممرض على هويتك الشخصية للتحقق قبل أخذ العينة.',                'id-card',  40),
  ('33333333-3333-3333-3333-000000000006', 'comfortable_arm', 'ارتدِ ملابس مريحة',  'تسهّل ملابس مريحة الوصول إلى الذراع لأخذ العينة بسهولة.',               'shirt',    50),
  ('33333333-3333-3333-3333-000000000007', 'morning_urine', 'البول الصباحي الأول', 'اجمع عينة البول الصباحية الأولى في عبوة نظيفة قبل وصول الممرض.',         'droplets', 25)
on conflict (id) do nothing;

-- Map a few tests → instructions.
insert into public.lab_test_instructions (lab_test_id, library_instruction_id) values
  ('22222222-2222-2222-2222-000000000001', '33333333-3333-3333-3333-000000000001'),
  ('22222222-2222-2222-2222-000000000001', '33333333-3333-3333-3333-000000000005'),
  ('22222222-2222-2222-2222-000000000005', '33333333-3333-3333-3333-000000000002'),
  ('22222222-2222-2222-2222-000000000005', '33333333-3333-3333-3333-000000000005')
on conflict do nothing;

-- ── Nurse tools library ---------------------------------------------------
insert into public.nurse_tools (id, name_ar, unit) values
  ('44444444-4444-4444-4444-000000000001', 'إبرة سحب دم',     'حبة'),
  ('44444444-4444-4444-4444-000000000002', 'أنبوب دم',         'أنبوب'),
  ('44444444-4444-4444-4444-000000000003', 'قفازات',           'زوج'),
  ('44444444-4444-4444-4444-000000000004', 'مسحة كحول',        'حبة'),
  ('44444444-4444-4444-4444-000000000005', 'لاصق طبي',         'حبة'),
  ('44444444-4444-4444-4444-000000000006', 'عبوة بول',          'عبوة'),
  ('44444444-4444-4444-4444-000000000007', 'ملصقات الترميز',    'ورقة'),
  ('44444444-4444-4444-4444-000000000008', 'حافظة باردة للنقل', 'وحدة')
on conflict (id) do nothing;

-- Map tests → required tools.
insert into public.lab_test_required_tools (lab_test_id, nurse_tool_id, quantity_per_test, required, note) values
  ('22222222-2222-2222-2222-000000000001', '44444444-4444-4444-4444-000000000001', 1, true,  null),
  ('22222222-2222-2222-2222-000000000001', '44444444-4444-4444-4444-000000000002', 1, true,  'EDTA'),
  ('22222222-2222-2222-2222-000000000001', '44444444-4444-4444-4444-000000000004', 1, true,  null),
  ('22222222-2222-2222-2222-000000000001', '44444444-4444-4444-4444-000000000005', 1, false, null),
  ('22222222-2222-2222-2222-000000000005', '44444444-4444-4444-4444-000000000001', 1, true,  null),
  ('22222222-2222-2222-2222-000000000005', '44444444-4444-4444-4444-000000000002', 1, true,  'Plain / SST'),
  ('22222222-2222-2222-2222-000000000005', '44444444-4444-4444-4444-000000000004', 1, true,  null)
on conflict do nothing;

-- Default tool ids on app_settings.
update public.app_settings
   set default_tool_ids = array[
     '44444444-4444-4444-4444-000000000007'::uuid, -- ملصقات الترميز
     '44444444-4444-4444-4444-000000000003'::uuid  -- قفازات
   ],
       buffer_pct = 15
 where id = 1;

-- ── Packages --------------------------------------------------------------
insert into public.packages (id, name_ar, name_en, description_ar, full_description_ar, category, price, original_price, badge_ar, display_order, show_in_slider) values
  ('55555555-5555-5555-5555-000000000001', 'باقة الفحص الشامل', 'Full Checkup Package',
   'فحص شامل لأهم مؤشرات الصحة العامة',
   'تشمل هذه الباقة فحوصات تعداد الدم، السكر، الكوليسترول، وظائف الكلى وتحليل البول.',
   'checkup', 59, 88, 'الأكثر طلباً', 1, true),
  ('55555555-5555-5555-5555-000000000002', 'باقة الرياضيين', 'Athletes Package',
   'تحاليل مخصصة للرياضيين',
   'متابعة لياقتك ومستويات الهرمونات والحديد والفيتامينات الضرورية للنشاط البدني.',
   'athletes', 75, 110, 'للرياضيين', 2, true)
on conflict (id) do nothing;

insert into public.package_items (package_id, lab_test_id, display_order) values
  ('55555555-5555-5555-5555-000000000001', '22222222-2222-2222-2222-000000000001', 1),
  ('55555555-5555-5555-5555-000000000001', '22222222-2222-2222-2222-000000000002', 2),
  ('55555555-5555-5555-5555-000000000001', '22222222-2222-2222-2222-000000000005', 3),
  ('55555555-5555-5555-5555-000000000001', '22222222-2222-2222-2222-000000000006', 4),
  ('55555555-5555-5555-5555-000000000001', '22222222-2222-2222-2222-000000000007', 5),
  ('55555555-5555-5555-5555-000000000001', '22222222-2222-2222-2222-000000000009', 6),
  ('55555555-5555-5555-5555-000000000002', '22222222-2222-2222-2222-000000000001', 1),
  ('55555555-5555-5555-5555-000000000002', '22222222-2222-2222-2222-000000000003', 2),
  ('55555555-5555-5555-5555-000000000002', '22222222-2222-2222-2222-000000000004', 3),
  ('55555555-5555-5555-5555-000000000002', '22222222-2222-2222-2222-000000000008', 4)
on conflict do nothing;

-- ── Coupons ---------------------------------------------------------------
insert into public.coupons (id, code, type, value, min_order_amount, max_discount, usage_limit, start_date, expiry_date) values
  ('66666666-6666-6666-6666-000000000001', 'WELCOME30', 'percentage', 30, 40, 50, 1000, '2025-01-01', '2025-12-31'),
  ('66666666-6666-6666-6666-000000000002', 'FIXED10',   'fixed',      10, 30, 10, 500,  '2025-01-01', '2025-12-31')
on conflict (code) do nothing;

-- ── Labs ------------------------------------------------------------------
insert into public.labs (id, name_ar, name_en, is_active, official_name, registration_number, license_number, address_full, city, area, lat, lng, phone_main, email, supported_cities, working_hours, accepted_sample_types, avg_processing_hours, primary_color, secondary_color, accent_color, portal_display_name, reveal_sell_price_to_lab) values
  ('77777777-7777-7777-7777-000000000001', 'مخبر الشام الطبي', 'Sham Medical Lab', true,
   'مخبر الشام الطبي للتحاليل المخبرية', 'REG-2018-1042', 'LIC-MED-3318',
   'دمشق – المزة – خلف فندق الشام', 'دمشق', 'المزة', 33.5083, 36.2580,
   '+963112345678', 'info@sham-lab.sy',
   array['دمشق','ريف دمشق'], '8:00 – 20:00 يومياً',
   array['blood','urine']::public.sample_type[], 6,
   '#0891B2', '#0E7490', '#ECFEFF', 'بوابة مخبر الشام', false),
  ('77777777-7777-7777-7777-000000000002', 'مخبر النور', 'Al Nour Lab', true,
   'مخبر النور للتحاليل الدقيقة', 'REG-2020-2210', 'LIC-MED-4117',
   'دمشق – المالكي – شارع الفرنسيين', 'دمشق', 'المالكي', 33.5203, 36.2912,
   '+963113334455', null,
   array['دمشق'], '9:00 – 18:00',
   array['blood','urine']::public.sample_type[], 8,
   '#7C3AED', '#5B21B6', '#F5F3FF', 'بوابة مخبر النور', false)
on conflict (id) do nothing;

-- Per-lab pricing.
insert into public.lab_price_agreements (lab_id, lab_test_id, lab_price) values
  ('77777777-7777-7777-7777-000000000001', '22222222-2222-2222-2222-000000000001', 6),
  ('77777777-7777-7777-7777-000000000001', '22222222-2222-2222-2222-000000000002', 4),
  ('77777777-7777-7777-7777-000000000001', '22222222-2222-2222-2222-000000000005', 5),
  ('77777777-7777-7777-7777-000000000001', '22222222-2222-2222-2222-000000000007', 12),
  ('77777777-7777-7777-7777-000000000002', '22222222-2222-2222-2222-00000000000a', 10)
on conflict (lab_id, lab_test_id, effective_from) do nothing;

-- ── Content pages --------------------------------------------------------
insert into public.content_pages (slug, title_ar, body_ar, support_phone, support_whatsapp, faq_items)
values
  ('terms',   'الشروط والأحكام', E'باستخدامك تطبيق مختبرك فإنك توافق على الشروط التالية:\n\n1. الخدمة موجّهة للأشخاص في عمر 18 عاماً فأكثر.\n2. التزم بدقة المعلومات المُدخلة.\n3. النتائج المخبرية مرجعية ولا تُغني عن استشارة الطبيب.', null, null, null),
  ('privacy', 'سياسة الخصوصية', E'• نجمع البيانات اللازمة فقط لتنفيذ الطلب.\n• لا نشارك بياناتك مع أطراف ثالثة دون موافقتك.\n• النتائج تُحفظ بشكل مشفّر وتبقى متاحة لك.', null, null, null),
  ('support', 'الدعم',           E'فريق الدعم متاح يومياً من 8 صباحاً حتى 8 مساءً.', '+963 11 200 0000', '+963 911 000 000', null),
  ('faq',     'الأسئلة الشائعة', '', null, null,
    '[
      {"q":"هل يأتي الممرض إلى منزلي؟","a":"نعم — جميع التحاليل تُؤخذ من منزلك ضمن دمشق وريف دمشق."},
      {"q":"كم تستغرق النتائج؟","a":"أغلب التحاليل تكون جاهزة خلال 6 إلى 24 ساعة."}
    ]'::jsonb)
on conflict (slug) do nothing;
